ID,PLOT,BLOCK,TRT,REP,CODE,EVAL,DAP,FLM,FSM,FTM,FRM,NOT,sFLM,sFSM,sFTM,sFRM,sDLM,sDSM,sDTM,sDRM,,
1,1,1,Yungay,1,YUN,E1,94,157.1,111.9,46.3,104.1,14,101.3,100.7,46.3,104.1,12,7,5.7,16.3,,
2,1,1,Yungay,2,YUN,E1,94,264.8,108.4,163.3,113.7,42,100.2,101.3,100.2,102.2,11,6.8,12.9,11.3,,
3,1,1,Yungay,3,YUN,E1,94,178.8,84.1,312.7,46.8,17,102.2,84.1,102.4,46.8,11,5.7,12.6,6.7,,
4,1,1,Yungay,4,YUN,E1,94,198.1,95.6,50.6,65.8,12,102.7,95.6,50.6,65.8,9.9,5.9,7,7.4,,
5,2,1,Huevo de Indio,1,HUE,E1,94,239.9,223.4,105.6,69.3,18,101.9,101.5,100.4,69.3,11.9,7.5,15.9,11.4,,
6,2,1,Huevo de Indio,2,HUE,E1,94,303.6,179.4,176.1,73.1,14,103.3,103.1,101.1,73.1,12.1,8.8,17.9,9.4,,
7,2,1,Huevo de Indio,3,HUE,E1,94,344.3,370.9,165.9,125.6,24,101.5,100.6,100.2,100.3,11.4,7.3,18.5,13.6,,
8,2,1,Huevo de Indio,4,HUE,E1,94,452.8,339.7,335.7,110.6,15,100.2,100.6,100.8,102.3,11.2,8.1,20.9,13.9,,
9,3,1,Poderosa,1,POD,E1,94,581.9,587.8,101.6,165.6,18,102.3,101.3,101.6,100.7,12,8.7,16,20.6,,
10,3,1,Poderosa,2,POD,E1,94,944.7,1160.4,350,238.6,42,100.1,100.1,100.2,100.7,13.3,9.7,16,16.9,,
11,3,1,Poderosa,3,POD,E1,94,774.5,830.6,240.3,153.1,17,100.9,101.5,103.8,102.8,11.2,9.9,19,16.1,,
12,3,1,Poderosa,4,POD,E1,94,527.1,542.7,188.9,106.6,19,102.1,102.2,103.5,106.6,12.5,10.5,18.8,18.4,,
13,4,1,Bretaña,1,BRE,E1,94,390.1,309.1,209.8,209.1,22,100.1,101.7,103.6,100.8,9.7,5.6,14.9,10.2,,
14,4,1,Bretaña,2,BRE,E1,94,655.8,569.2,170.1,106.6,10,101.5,101.3,100.9,106.6,9.9,6,15.1,11.2,,
15,4,1,Bretaña,3,BRE,E1,94,824.1,913.5,362.9,163.5,19,100.6,101.1,103.1,103.3,9.3,5.8,16.2,12.3,,
16,4,1,Bretaña,4,BRE,E1,94,519.9,570.1,168.4,119.9,10,100.4,101.1,100.7,100.3,9.3,6.3,15.3,13,,
17,5,1,Amarilis,1,AMA,E1,94,777.5,431.9,1252.6,115.2,14,100.6,101.6,102.8,102.6,10.8,7.7,13,14.4,,
18,5,1,Amarilis,2,AMA,E1,94,466.2,433.1,713,59.1,24,100,101,100.2,59.1,11.4,6.4,12.1,7.7,,
19,5,1,Amarilis,3,AMA,E1,94,578.2,568.8,1028,93.2,15,100,101.1,93.2,93.5,8.7,6.7,13.6,10.3,,
20,5,1,Amarilis,4,AMA,E1,94,737.3,421.4,1279.8,90,23,100.3,100.5,101.5,90,10.8,8.5,15.7,11.8,,
21,6,2,Yungay,1,YUN,E1,94,541.6,383.9,473.9,169.1,37,100.2,100.5,101.9,100.3,10.4,6.5,11.6,10.6,,
22,6,2,Yungay,2,YUN,E1,94,452.6,257.7,320.1,118.5,12,101.4,100.7,99.4,99.8,9.6,5.9,11.6,12.4,,
23,6,2,Yungay,3,YUN,E1,94,383.9,225.8,214.6,90.7,11,100.6,101.9,102.9,90.7,10.8,6.5,11.7,10.5,,
24,6,2,Yungay,4,YUN,E1,94,326.1,123.7,7.4,122.9,3,101.3,100.9,7.4,99.8,10.7,6.2,0.8,8.5,,
25,7,2,Amarilis,1,AMA,E1,94,834.9,596.1,1944.1,104,26,101.3,101.4,104,101.5,10.2,6.9,12.5,13.1,,
26,7,2,Amarilis,2,AMA,E1,94,390.1,299.9,704.4,54.2,21,100.2,101.8,104.6,54.1,10.1,7.4,13.7,7.5,,
27,7,2,Amarilis,3,AMA,E1,94,568.6,317.2,1224.6,88.4,20,100.8,101.2,101.8,88.4,9.8,7.7,14.5,13,,
28,7,2,Amarilis,4,AMA,E1,94,544.5,393.6,1863.5,84.6,15,100.9,101.4,103.1,84.6,10.5,7.8,15.1,11,,
29,8,2,Huevo de Indio,1,HUE,E1,94,119.7,105.3,43.2,37.5,5,100.7,101.9,43.2,37.5,10.7,6.3,6.5,4.7,,
30,8,2,Huevo de Indio,2,HUE,E1,94,335.8,199.4,84.6,80.9,13,100.1,100.6,84.6,80.9,9.9,6.1,13,10.6,,
31,8,2,Huevo de Indio,3,HUE,E1,94,195.1,177.1,149.3,76.9,18,100.3,101.4,101.7,76.9,10.7,6.8,18.3,10.7,,
32,8,2,Huevo de Indio,4,HUE,E1,94,232.3,147.5,90.2,90.2,16,101.1,100.2,90.2,90.2,12,8.2,15.5,14.8,,
33,9,2,Bretaña,1,BRE,E1,94,1037.8,1175.5,45.9,174.9,3,100,101.2,45.9,101.3,9.4,6,6.3,13.3,,
34,9,2,Bretaña,2,BRE,E1,94,797.8,746.6,223.1,133.9,12,100.5,101.5,103,100.9,9.3,6.7,16.1,11.7,,
35,9,2,Bretaña,3,BRE,E1,94,540.6,575.8,138.4,102.1,7,100.6,100.7,102,102.1,9.4,5.8,16.1,13,,
36,9,2,Bretaña,4,BRE,E1,94,493.2,472.3,188.9,127.9,10,100.7,101.4,102.4,100,9.4,6.3,16.6,12.2,,
37,10,2,Poderosa,1,POD,E1,94,NA,NA,NA,NA,NA,NA,NA,NA,NA,NA,NA,NA,NA,,
38,10,2,Poderosa,2,POD,E1,94,274.4,396.6,50.5,42.2,3,100.7,101.5,50.5,42.2,11.7,7.7,7,5.3,,
39,10,2,Poderosa,3,POD,E1,94,929.7,1403.2,267,136.2,18,100.3,100.5,103.1,100.4,12.8,10.4,16.1,20.3,,
40,10,2,Poderosa,4,POD,E1,94,727.8,1068.3,297.4,114.9,18,100.9,100.4,102.8,101.6,11.4,9.1,17.3,18.7,,
41,11,3,Amarilis,1,AMA,E1,94,520.5,277.5,1146.6,77.2,11,100.9,101,104.2,77.6,12.3,7.8,11,11,,
42,11,3,Amarilis,2,AMA,E1,94,541.3,309.3,847,76.2,18,101.1,101.8,99.7,76.2,10.8,6.5,14.8,8.8,,
43,11,3,Amarilis,3,AMA,E1,94,543.9,373.7,942.8,99.2,20,103.3,101.1,101.6,98.2,10.3,7.6,13.9,12,,
44,11,3,Amarilis,4,AMA,E1,94,467.5,314.8,852.2,66.2,14,102.3,99.7,NA,66.2,11.3,6,11.6,9.1,,
45,12,3,Yungay,1,YUN,E1,94,522.5,264.9,462,189.6,33,101.6,101.8,99.3,100.7,12.2,7.8,13.7,14.8,,
46,12,3,Yungay,2,YUN,E1,94,444,255.6,268.6,142,21,101.1,100.5,102.2,99.7,9.1,5.8,13.3,11.5,,
47,12,3,Yungay,3,YUN,E1,94,623.3,397,372.7,141.2,32,100,101.3,101.3,100.7,9.3,7.3,12.5,16.5,,
48,12,3,Yungay,4,YUN,E1,94,305,160.1,159.4,100.2,18,100.3,101.3,99.7,96.6,10.3,5.7,11.6,13.5,,
49,13,3,Bretaña,1,BRE,E1,94,578.7,431.1,200.1,79.9,9,100.9,100.9,99.3,79.9,9.9,6.5,16.2,11.1,,
50,13,3,Bretaña,2,BRE,E1,94,313.8,273.2,94.2,58.6,8,101.1,100.2,94.2,58.6,9.7,6.4,15.3,7.8,,
51,13,3,Bretaña,3,BRE,E1,94,421.3,202.5,93.1,78.4,6,101.8,101.1,93.1,77.9,8.6,6.7,14.7,9.5,,
52,13,3,Bretaña,4,BRE,E1,94,252.4,138,9.6,61.4,3,100.5,103,9.6,50.7,9.1,7.4,1.4,6.7,,
53,14,3,Poderosa,1,POD,E1,94,1110.2,1262.8,156.2,109.1,9,101.1,100.8,99.7,97.2,13.1,8.8,15.4,18.3,,
54,14,3,Poderosa,2,POD,E1,94,843.2,1010.5,197.3,111.8,15,101.8,101.8,99.2,100.2,12.8,8.8,14.3,18.2,,
55,14,3,Poderosa,3,POD,E1,94,932.8,941.2,216.6,11.5,11,100.7,100.3,100.2,99.5,10.3,7.6,14.3,14.7,,
56,14,3,Poderosa,4,POD,E1,94,336.3,329.9,34.3,41.8,3,100.4,101.2,34.3,41.8,8.7,7.1,5,5.7,,
57,15,3,Huevo de Indio,1,HUE,E1,94,530.6,369.4,265.6,106.6,13,101.8,100.6,109.1,100.6,9.3,6.1,16.8,10.9,,
58,15,3,Huevo de Indio,2,HUE,E1,94,485.8,398.1,248.7,88.8,15,100.6,101.9,103.7,88.8,10.9,7.7,15.5,9.9,,
59,15,3,Huevo de Indio,3,HUE,E1,94,414.5,332,226.4,95.2,11,100.4,100.9,99.9,95.2,10.2,7.2,14.3,12.5,,
60,15,3,Huevo de Indio,4,HUE,E1,94,345.5,304.3,198.6,74.2,10,101.1,100.2,103.9,74.2,9.5,6.1,16.2,8.7,,
61,16,4,Amarilis,1,AMA,E1,94,477,219.2,530,44.7,14,101.3,100.4,108.1,44.7,8.4,5.7,12.9,5,,
62,16,4,Amarilis,2,AMA,E1,94,453.9,236.3,636.8,48.4,13,100.2,100.8,103.9,48.4,10.2,6.6,13.6,5.5,,
63,16,4,Amarilis,3,AMA,E1,94,739.3,339.7,1569,66.8,31,100.1,100.7,100.1,104,12.2,7.2,15.3,9,,
64,16,4,Amarilis,4,AMA,E1,94,483.9,294.2,917.5,69.7,27,101,101.3,97.6,69.7,9,7.2,12.6,9.7,,
65,17,4,Bretaña,1,BRE,E1,94,567.7,579.1,246.2,95.7,14,100,99.5,103.6,95.7,10,5.9,17.4,11.2,,
66,17,4,Bretaña,2,BRE,E1,94,482.4,384.8,159.6,129.7,10,101.9,100.8,100.3,99.8,9.1,5.1,16.1,10.7,,
67,17,4,Bretaña,3,BRE,E1,94,909.6,628.6,326.6,140.8,16,100.5,100.9,99.5,100.7,8.8,6.9,16.7,12.8,,
68,17,4,Bretaña,4,BRE,E1,94,318.1,276.8,67.9,76,9,100.8,101.2,67.9,76,8.6,5.2,11.1,8.2,,
69,18,4,Huevo de Indio,1,HUE,E1,94,289.9,203.7,41.73,62.8,8,100.6,100.4,41.73,62.8,9.1,6.7,6,7.9,,
70,18,4,Huevo de Indio,2,HUE,E1,94,223.6,122,97.3,85.8,11,101.5,100.8,97.3,85.8,9.8,7.7,17,11.5,,
71,18,4,Huevo de Indio,3,HUE,E1,94,233.2,115.5,50.9,46.4,4,102.6,100.2,50.9,46.4,9.7,7.2,7.8,6.8,,
72,18,4,Huevo de Indio,4,HUE,E1,94,285.8,220.8,177.4,88.1,17,101.1,101.5,100.9,88.1,12.2,8.2,17.4,11,,
73,19,4,Poderosa,1,POD,E1,94,634.1,698.7,359.7,149.1,24,100.7,101.1,94.8,99.8,12.6,9.3,18,16,,
74,19,4,Poderosa,2,POD,E1,94,658.6,614.3,183.3,103.9,20,100.6,101.9,102.9,101.9,11.3,8.8,16.9,16.7,,
75,19,4,Poderosa,3,POD,E1,94,355.3,420.9,33,83.1,5,100.1,101.2,33,83.1,10.8,7.3,4.7,10.1,,
76,19,4,Poderosa,4,POD,E1,94,900,869.6,350.2,148.2,14,100.8,101.3,102.1,102.7,12.7,8.2,15.5,15.7,,
77,20,4,Yungay,1,YUN,E1,94,528.7,393,174,166.9,8,99.8,101.2,110.6,100.2,11.3,6,12.8,9.1,,
78,20,4,Yungay,2,YUN,E1,94,435.5,201.8,67.5,132.8,8,101.5,101.8,67.5,101.8,11.2,6.9,7.5,10,,
79,20,4,Yungay,3,YUN,E1,94,366.8,194.7,209.5,119.4,10,100.8,100.2,102.2,101.6,10.7,5.6,11.8,9.4,,
80,20,4,Yungay,4,YUN,E1,94,163.2,79.5,1.7,68.9,1,101.7,79.5,1.7,68.9,9.7,4.8,0.2,6.6,,
81,1,1,Yungay,1,YUN,E2,113,NA,NA,NA,NA,NA,NA,NA,NA,NA,NA,NA,NA,NA,,
82,1,1,Yungay,2,YUN,E2,113,729.6,554.9,954.4,152.3,15,100.1,100.2,108.4,102.7,9.3,7.6,16.2,11.8,,
83,1,1,Yungay,3,YUN,E2,113,152.5,220.2,1165.5,169.7,25,100.5,100.3,98.7,100.4,10.7,8.1,15.1,12.6,,
84,1,1,Yungay,4,YUN,E2,113,828.6,684.1,146.1,33.4,7,100.2,100.7,114.5,33.4,11.3,6.6,18.3,4.7,,
85,2,1,Huevo de Indio,1,HUE,E2,113,427,442.9,505.1,104.4,23,100.6,100.1,99,99.6,9.2,8.3,19.4,12.7,,
86,2,1,Huevo de Indio,2,HUE,E2,113,606.7,603.1,908.8,147.9,22,100.1,100.9,100.5,99.9,13,8.8,21.7,12.4,,
87,2,1,Huevo de Indio,3,HUE,E2,113,664.5,523.1,641.8,115.4,18,100.8,100.4,102.5,100.9,10.1,8.2,20,13,,
88,2,1,Huevo de Indio,4,HUE,E2,113,306.6,267.5,456.9,50.1,12,100.4,100.2,103.7,50.1,11.5,NA,21.9,6.9,,
89,3,1,Poderosa,1,POD,E2,113,549.5,693.2,457.5,98.5,14,100,100.4,104.9,98.5,13.4,10.9,21.8,18.8,,
90,3,1,Poderosa,2,POD,E2,113,423,556,502.4,99.5,13,100.3,100.2,98.4,99.5,12.5,11.3,19,17.3,,
91,3,1,Poderosa,3,POD,E2,113,465.9,627.4,895.9,152.1,37,100.1,100.5,103.1,100.5,11.5,12.4,20.1,15.6,,
92,3,1,Poderosa,4,POD,E2,113,709.1,776.4,501.8,106,28,100.8,100.3,103.9,106,12.7,11.9,21.4,20.1,,
93,4,1,Bretaña,1,BRE,E2,113,1488.7,1591.9,1123.4,193.7,20,100.8,100.7,105,100.2,10.2,6.9,20.7,14.4,,
94,4,1,Bretaña,2,BRE,E2,113,1020.2,1183.4,771,195.5,12,100.2,100.4,113.3,102.7,9.9,7.3,20.9,10.8,,
95,4,1,Bretaña,3,BRE,E2,113,534.3,708.2,978.2,266,18,100.1,100.3,112.7,99.6,8.8,6.9,21.4,10,,
96,4,1,Bretaña,4,BRE,E2,113,1227.3,1207.4,499.8,118,11,100.1,100.7,99.7,99.1,9.7,8,18.1,10.3,,
97,5,1,Amarilis,1,AMA,E2,101,500.5,270,477.1,123.6,23,100.9,103.6,117,101.3,8.5,6.8,13.9,10.2,,
98,5,1,Amarilis,2,AMA,E2,101,624.6,269.1,702.6,85,21,101.7,101,112.4,85,8.5,7.3,13.8,10.5,,
99,5,1,Amarilis,3,AMA,E2,101,505,247.7,1095,61.2,20,101.2,101,103.9,61.2,8.8,6.8,11.8,8.4,,
100,5,1,Amarilis,4,AMA,E2,101,1119,586,1888.5,107.6,14,101.1,104.7,107.2,101.3,9.4,7.1,14.2,12.8,,
101,6,2,Yungay,1,YUN,E2,113,598.8,472.2,77.4,206.5,4,100.4,100.6,77.4,98.7,9.9,7.7,8.8,11.2,,
102,6,2,Yungay,2,YUN,E2,113,485.6,248.8,554,80.3,8,100.8,101.6,101.4,80.3,9.2,6.6,10.8,7.6,,
103,6,2,Yungay,3,YUN,E2,113,287.6,194,176.4,84.3,6,100.2,100.3,98.5,84.3,9.3,6.6,11.2,7.5,,
104,6,2,Yungay,4,YUN,E2,113,704.5,531.1,394.9,204.7,9,100.5,100.3,103.3,104.7,10,7.5,20.8,10.2,,
105,7,2,Amarilis,1,AMA,E2,101,733.1,524.7,2063.7,114,29,101.6,103.9,105.6,103.1,9.1,8.4,18.2,15.3,,
106,7,2,Amarilis,2,AMA,E2,101,755.9,388.7,1645.5,116.2,17,102.9,101.8,101.1,101.4,8.2,7.6,16.4,11,,
107,7,2,Amarilis,3,AMA,E2,101,1009.9,633.3,2138.2,108.7,16,101.3,101.9,102.8,101.4,9.2,8.1,18.7,13.4,,
108,7,2,Amarilis,4,AMA,E2,101,576.5,336.8,1653.8,81.4,19,100.8,101.4,102.7,81.4,10,8.3,18.6,11.1,,
109,8,2,Huevo de Indio,1,HUE,E2,113,321.2,205.2,443.9,127.6,15,101.3,100.5,99.1,100.7,12.5,8.8,22.7,11.6,,
110,8,2,Huevo de Indio,2,HUE,E2,113,361,328.6,141.6,178.3,9,101,100.1,92.7,99.9,11,7.8,14.4,10.8,,
111,8,2,Huevo de Indio,3,HUE,E2,113,453.3,369.5,354.6,164.5,14,100.6,100.7,101.5,109.2,12.1,9.6,20.3,14.7,,
112,8,2,Huevo de Indio,4,HUE,E2,113,193.6,155.3,562.1,120.7,18,100.2,100,100.9,100.5,12.1,8.7,20.5,13,,
113,9,2,Bretaña,1,BRE,E2,113,848.4,953,352,142.6,11,100.2,100.8,105.6,103.1,9.5,6.7,18.7,12.4,,
114,9,2,Bretaña,2,BRE,E2,113,707.7,898.7,462.5,96.4,12,100.7,100.7,96.5,96.4,9.8,7.9,18.4,11.6,,
115,9,2,Bretaña,3,BRE,E2,113,549.6,759.1,200.3,104.7,6,100.2,100.5,101,98.7,9.9,6.6,18.6,10.7,,
116,9,2,Bretaña,4,BRE,E2,113,432.5,420.1,327.8,70.8,12,100.8,99.9,101.7,70.8,10.5,7.5,19.6,7.6,,
117,10,2,Poderosa,1,POD,E2,113,664.6,823.6,947.3,212.2,16,100.8,100.4,104.7,105,13.4,13,19.8,21.8,,
118,10,2,Poderosa,2,POD,E2,113,839.5,1439.8,818.7,133.3,16,100.5,100.6,104.3,105,12.9,13,22.2,22.3,,
119,10,2,Poderosa,3,POD,E2,113,593.3,931.6,534.3,119.5,9,100.5,100.6,104.2,100.3,9,8.1,20.2,14.3,,
120,10,2,Poderosa,4,POD,E2,113,756.9,1149.7,320.9,105.7,9,99.9,100.9,105.2,101.3,10.2,9.4,17.4,16.1,,
121,11,3,Amarilis,1,AMA,E2,101,325.6,168.7,976.5,71.9,13,100.8,100.9,100.5,71.9,9.6,7.2,15.1,8.6,,
122,11,3,Amarilis,2,AMA,E2,101,908.9,425.2,1669.2,90.9,15,102.9,101.2,103.4,90.9,9,7.2,14.9,10.8,,
123,11,3,Amarilis,3,AMA,E2,101,328.4,169.4,726.4,77.5,14,101.5,100.6,101.9,77.5,8.5,7.1,19.1,8.7,,
124,11,3,Amarilis,4,AMA,E2,101,339.5,225.8,1132.2,80.7,18,102.2,103.2,102.1,80.7,8.8,6.7,17.7,8.7,,
125,12,3,Yungay,1,YUN,E2,113,616.3,412.6,370.9,102.5,7,100.6,100.3,107,102.5,9.5,7.5,14.3,11.7,,
126,12,3,Yungay,2,YUN,E2,113,248.2,250.3,316.3,55.2,5,100,100.6,114.7,55.2,11.6,7.6,15.6,6.3,,
127,12,3,Yungay,3,YUN,E2,113,488.7,335.4,652.1,66.2,15,100.3,101.1,97.8,66.2,11.7,8.7,15.1,8.4,,
128,12,3,Yungay,4,YUN,E2,113,391.5,399,345.1,116.7,7,100.1,100.5,100.7,99.7,11.4,7.7,17,11.6,,
129,13,3,Bretaña,1,BRE,E2,113,675.2,558.3,628,145.5,16,100.3,101.9,96.1,98.4,9.8,6.8,18,11.6,,
130,13,3,Bretaña,2,BRE,E2,113,334,416.6,223.7,153,8,100.4,100.9,98.8,100.5,9.1,7.1,18.8,9.6,,
131,13,3,Bretaña,3,BRE,E2,113,509.3,456.7,276,128.2,9,100.1,100.9,102.2,93.7,9.4,7.4,18.7,12.6,,
132,13,3,Bretaña,4,BRE,E2,113,472.1,343.1,580.1,120.9,17,100.5,100.6,104.7,106.18,9.3,8.8,21.1,14.2,,
133,14,3,Poderosa,1,POD,E2,113,1022.8,1527.5,1343,129.7,14,100.8,100.4,98.5,99.8,12.3,10.2,19.7,16.7,,
134,14,3,Poderosa,2,POD,E2,113,758.3,1164,1000.5,179,16,100.9,100.7,95.5,99.4,11.6,10.5,19.1,16.1,,
135,14,3,Poderosa,3,POD,E2,113,922.7,1167.4,533,153.3,8,102.6,100.7,105.5,99.7,8.1,6.7,19,14.2,,
136,14,3,Poderosa,4,POD,E2,113,1013.9,1157.1,662.8,112.6,12,100.4,101.7,92.5,99.6,9,9.2,17.2,12.5,,
137,15,3,Huevo de Indio,1,HUE,E2,113,178,204.9,267.9,43.3,6,101,101.7,109.2,43.3,11,7.3,19,3.9,,
138,15,3,Huevo de Indio,2,HUE,E2,113,567,479.3,480.9,65.2,11,101,100.9,100.6,65.2,11.4,8.1,19.2,7.1,,
139,15,3,Huevo de Indio,3,HUE,E2,113,925.4,1147,813.1,107.4,19,100.6,100.3,96.2,107.4,11,6.9,17.7,11.6,,
140,15,3,Huevo de Indio,4,HUE,E2,113,939.1,722.6,1365,140.8,25,100.5,101,103.5,100.5,9.4,7.9,17.7,9.9,,
141,16,4,Amarilis,1,AMA,E2,101,463.5,264.4,1048.1,67,19,103.1,101,102.5,67,9.4,7.3,11.4,9,,
142,16,4,Amarilis,2,AMA,E2,101,648,335.4,1410,65.9,22,103,102,101.6,65.9,8.8,7.4,15.9,8.6,,
143,16,4,Amarilis,3,AMA,E2,101,566.6,309.8,1006.6,82.2,15,102.1,102,101.1,82.2,9.8,9,13.4,8.1,,
144,16,4,Amarilis,4,AMA,E2,101,855,461.8,2049.1,177.2,32,100.6,101.3,101.6,102.8,10.4,8.2,14.9,12.5,,
145,17,4,Bretaña,1,BRE,E2,113,918,898.9,478.9,190.9,10,100.3,100.4,104.6,96.5,8.8,6.8,17.1,11,,
146,17,4,Bretaña,2,BRE,E2,113,631.5,631.8,435.7,147.7,10,100.9,100.6,108.2,100.2,8.6,7.5,20.2,12.3,,
147,17,4,Bretaña,3,BRE,E2,113,723.7,986.9,206.5,136.7,10,100,99.8,103,101.6,9.1,6.4,16.9,12.7,,
148,17,4,Bretaña,4,BRE,E2,113,611.4,774.5,291.7,159.1,8,100.8,100,98.1,101.9,9.5,6.8,16.9,9.1,,
149,18,4,Huevo de Indio,1,HUE,E2,113,382.2,267.4,409.9,107.4,14,100.6,101,104,99.3,11.4,9.1,21.8,12.8,,
150,18,4,Huevo de Indio,2,HUE,E2,113,446.9,412.1,376,126.8,12,100.4,100,100.8,86.9,12,8.8,19.8,11.8,,
151,18,4,Huevo de Indio,3,HUE,E2,113,376.4,316.2,263.9,103.9,7,100.1,100.3,97.8,103.9,11.1,7.2,16.8,11.3,,
152,18,4,Huevo de Indio,4,HUE,E2,113,440.1,362.3,293.8,94.2,14,100.7,100.3,100.1,94.2,11.3,9.6,18.5,13.1,,
153,19,4,Poderosa,1,POD,E2,113,517.3,568.8,689.3,101.9,14,100.3,100.9,100,101.9,11.1,11.4,19.2,15.1,,
154,19,4,Poderosa,2,POD,E2,113,891,789.2,1158.1,231.6,35,100.2,100,101.7,100.2,12.5,12.7,20.5,21.9,,
155,19,4,Poderosa,3,POD,E2,113,1015.7,988.4,780.1,137.2,18,100.1,100.2,98.1,103.3,10.4,9.4,15.7,15.4,,
156,19,4,Poderosa,4,POD,E2,113,955.9,784.1,844.3,324.8,15,100.9,101,103.5,99.9,8.9,10.7,20.6,13.8,,
157,20,4,Yungay,1,YUN,E2,113,532.1,468.3,714.1,86.4,22,100.1,100.5,101.8,86.4,7.5,9.2,17.1,11.2,,
158,20,4,Yungay,2,YUN,E2,113,780.1,705.8,1280.4,132.1,22,100.9,99.9,96.8,100.1,11.4,11.4,16.4,14.2,,
159,20,4,Yungay,3,YUN,E2,113,536.9,348.4,694.8,96.6,28,101.6,100.3,109.1,96.6,10.5,9.2,16.4,10.8,,
160,20,4,Yungay,4,YUN,E2,113,666.4,520.4,1091.7,122.6,21,100,100.5,103.5,100.3,10.9,8.4,16,13.4,,
161,1,1,Yungay,1,YUN,E3,136,364.8,379.3,1084.1,92.7,24,100.5,100.3,108.3,92.7,8.7,6.5,16.5,9.3,,
162,1,1,Yungay,2,YUN,E3,136,536.6,504.8,1661.6,64.1,19,100.5,100.6,101.7,64.1,9.4,7.2,17.3,8.7,,
163,1,1,Yungay,3,YUN,E3,136,450.4,593.8,1277.6,95.4,22,100,101.5,104.1,95.4,8.2,8.2,17.4,10.6,,
164,1,1,Yungay,4,YUN,E3,136,939.9,1188.9,2893.3,212.9,43,100.3,100.3,100.3,102.3,9.9,8.8,18.4,14.3,,
165,2,1,Huevo de Indio,1,HUE,E3,136,425.2,407.4,945.9,79,19,100.3,100.6,101.4,79,8.8,7.4,25.6,9.9,,
166,2,1,Huevo de Indio,2,HUE,E3,136,559.5,533.6,1658.9,116.6,27,100.7,100.5,103.7,100.9,10.8,8.2,24.5,13.8,,
167,2,1,Huevo de Indio,3,HUE,E3,136,232.5,305.9,333.2,77.7,8,100.4,101.1,103.6,77.7,11,7.1,21.8,11.2,,
168,2,1,Huevo de Indio,4,HUE,E3,136,500.4,530.5,540.7,103.9,11,100.7,100.8,106.7,103.9,9.4,7.3,24,13.4,,
169,3,1,Poderosa,1,POD,E3,136,356,598.9,1225.3,68.3,14,100.3,100.6,106.9,68.3,12.4,10.1,26.8,8.6,,
170,3,1,Poderosa,2,POD,E3,136,498,690.6,1478,111,22,100.3,100.5,102.5,101.8,10.7,10.1,24.9,15.2,,
171,3,1,Poderosa,3,POD,E3,136,384.3,545.1,1152.4,80.5,16,100.8,100.1,103.8,80.5,11.9,10.6,22.6,11.5,,
172,3,1,Poderosa,4,POD,E3,136,554.3,795.9,1790.4,94.7,26,100.8,100,100.8,94.7,12.8,12.5,22.7,13.4,,
173,4,1,Bretaña,1,BRE,E3,136,311.6,530.1,632.5,79.5,6,100.6,100.7,103.9,79.5,8,7.4,21.8,8.8,,
174,4,1,Bretaña,2,BRE,E3,136,446.8,888.5,511.9,91.9,11,99.9,101.8,101.8,91.9,7.4,6,23.1,8.9,,
175,4,1,Bretaña,3,BRE,E3,136,1017.2,1175.1,1631.8,148.1,15,101.2,100.8,105.5,101.8,9.8,8.3,24.6,14.8,,
176,4,1,Bretaña,4,BRE,E3,136,715.3,995.2,1215.4,142,15,100.6,101.8,100.6,100.7,9,8,21.7,11.8,,
177,5,1,Amarilis,1,AMA,E3,113,704.5,460.1,1810,67.6,13,100.8,99.7,97.6,67.6,9,8.6,13.9,8.7,,
178,5,1,Amarilis,2,AMA,E3,113,615.8,318.2,1910.4,86.6,22,100.9,100.3,106.6,86.6,10.6,9.6,11.9,12.4,,
179,5,1,Amarilis,3,AMA,E3,113,NA,NA,NA,NA,NA,NA,NA,NA,NA,NA,NA,NA,NA,,
180,5,1,Amarilis,4,AMA,E3,113,988.5,559.2,2813.9,128.9,19,100.1,100.4,101.9,99.4,10,10.8,16.4,12.9,,
181,6,2,Yungay,1,YUN,E3,136,812.8,904,2553.5,98.1,37,100.2,100.9,101.5,98.1,16.1,12.1,19.1,12.9,,
182,6,2,Yungay,2,YUN,E3,136,330.4,286.5,721.4,63.2,14,101.5,100,101.8,63.2,9.5,8.3,16.5,8.2,,
183,6,2,Yungay,3,YUN,E3,136,526.7,507.4,980.9,86.7,9,100.6,101.5,100,86.7,10.7,10.4,18.9,12.1,,
184,6,2,Yungay,4,YUN,E3,136,1019.1,1032,2229.1,112.9,18,100.7,101.2,105.1,100.4,9.4,10.2,16.2,14.5,,
185,7,2,Amarilis,1,AMA,E3,113,303.6,212.3,1312.2,109.5,27,100.3,101,104.1,103.2,11.2,9.3,13.1,14.1,,
186,7,2,Amarilis,2,AMA,E3,113,347.6,182.4,1292.8,92.2,19,100,103.2,108.8,92.2,11.4,9.6,18.8,12.1,,
187,7,2,Amarilis,3,AMA,E3,113,449.5,286.2,1400.5,69.4,14,100.2,99.8,108.4,69.4,10.6,9.5,21.2,8.4,,
188,7,2,Amarilis,4,AMA,E3,113,194.9,164.9,584.5,39.2,13,100.7,99.8,95.5,39.2,10.4,8.2,14.5,4.1,,
189,8,2,Huevo de Indio,1,HUE,E3,136,655.2,561.5,1413.8,129.9,22,100.7,101.4,103.5,101.6,12.4,10.5,26,17.7,,
190,8,2,Huevo de Indio,2,HUE,E3,136,685.1,616.3,1310.9,136.4,22,101.3,101.2,102.1,99.8,10.6,9,26.1,15.3,,
191,8,2,Huevo de Indio,3,HUE,E3,136,206.5,194.7,606,70.4,17,100.6,101,101.3,70.4,11.7,8.4,25.8,8.4,,
192,8,2,Huevo de Indio,4,HUE,E3,136,307.3,247.9,555.8,105.8,14,100.5,102.7,107.2,101.2,11.9,8.9,27.9,13.6,,
193,9,2,Bretaña,1,BRE,E3,136,533.9,517.3,511.6,91,16,101,100.8,106.5,91,11.1,9.5,24.9,13.6,,
194,9,2,Bretaña,2,BRE,E3,136,724.9,707.1,1237.6,117.8,21,101.8,101,102.3,102.9,11.7,11,23.5,15.4,,
195,9,2,Bretaña,3,BRE,E3,136,300.4,336.9,475.4,93.8,13,102.3,101,102.1,93.8,9,8.4,23.4,10,,
196,9,2,Bretaña,4,BRE,E3,136,929.2,982.7,1423.4,166.8,17,101,100.1,102.5,101.6,10.8,10.1,24.8,16,,
197,10,2,Poderosa,1,POD,E3,136,422.5,692.2,1536.8,89.2,11,100.7,103.4,108.5,89.2,11.9,9.6,24.6,11.7,,
198,10,2,Poderosa,2,POD,E3,136,NA,NA,NA,NA,NA,NA,NA,NA,NA,NA,NA,NA,NA,,
199,10,2,Poderosa,3,POD,E3,136,297.5,557.3,1082.2,68.1,18,102,100.8,100.9,68.1,9,9.3,23.8,9,,
200,10,2,Poderosa,4,POD,E3,136,506.1,851.6,1766.5,129.1,23,100.5,100.4,100,100,10.7,10.6,23.4,11.3,,
201,11,3,Amarilis,1,AMA,E3,113,615.1,563.5,2311.5,102.5,30,100.2,101.1,107.5,101.2,18.5,8.2,16.9,14.4,,
202,11,3,Amarilis,2,AMA,E3,113,397.4,260.4,1388.6,62.1,15,100.4,100.9,104.2,62.1,11.2,9.4,20.8,11.2,,
203,11,3,Amarilis,3,AMA,E3,113,523.9,294.9,1427.8,81.2,15,100.1,102.6,96,81.2,10.4,8.3,21.4,8.9,,
204,11,3,Amarilis,4,AMA,E3,113,267.3,184,1139.6,46.3,16,100.4,99.9,108.5,46.3,10.6,8.5,21.5,5.1,,
205,12,3,Yungay,1,YUN,E3,136,201.8,149.7,301.6,26.1,6,101.5,101,106.4,26.1,9.5,8.5,22.5,4.7,,
206,12,3,Yungay,2,YUN,E3,136,654.3,494.1,1361.7,141.8,28,101.4,102,107.2,101.5,9.7,10.3,19.5,18.4,,
207,12,3,Yungay,3,YUN,E3,136,685.9,646.8,2035.7,95.5,28,100.3,101.1,101.2,95.5,10.1,8.7,19.4,18.5,,
208,12,3,Yungay,4,YUN,E3,136,719.5,490,2266.9,140.1,30,101.7,101.3,100.8,101.8,9.8,10.4,19,15.6,,
209,13,3,Bretaña,1,BRE,E3,136,427.5,307.2,581.7,76.7,11,100.3,101.4,109.8,76.7,9.5,8.5,26.6,11.8,,
210,13,3,Bretaña,2,BRE,E3,136,718.1,470,771.4,54.4,12,101.2,101.2,108,54.4,10,8.9,28,9.6,,
211,13,3,Bretaña,3,BRE,E3,136,935.5,628.9,793.2,87.8,11,100.2,100.9,106.1,87.8,9.5,8.7,25.3,13.4,,
212,13,3,Bretaña,4,BRE,E3,136,845.7,806.3,1033.1,88,24,102.5,101.8,102.1,88,9.9,8.6,25.7,14.2,,
213,14,3,Poderosa,1,POD,E3,136,945.3,1364.3,2498.9,83.2,28,101.7,100.3,106,83.2,11.8,10.5,23.8,19.6,,
214,14,3,Poderosa,2,POD,E3,136,792.4,1061.4,1894.7,145,19,101.3,100.8,102.3,100.8,12,11.6,24.6,20.8,,
215,14,3,Poderosa,3,POD,E3,136,845.9,944.2,2030.7,68.4,18,100.5,102.5,102.9,68.4,13.2,13.3,21.8,17.9,,
216,14,3,Poderosa,4,POD,E3,136,812,1141.9,2280.1,86.3,22,100.1,101.7,106.2,86.3,12,12.6,22.9,21.5,,
217,15,3,Huevo de Indio,1,HUE,E3,136,449.9,420.3,1200.7,84.3,17,101,100.3,106.1,84.3,8.2,6.4,23.8,9.3,,
218,15,3,Huevo de Indio,2,HUE,E3,136,788.2,692.6,1988.4,74.5,13,100,102.6,105.2,74.5,8.6,8.3,24.3,9.7,,
219,15,3,Huevo de Indio,3,HUE,E3,136,451.8,473.6,1220.5,75.8,13,100,101.1,101.5,75.8,10,7.9,23,8.5,,
220,15,3,Huevo de Indio,4,HUE,E3,136,345.5,313.6,953.3,53.3,15,100.6,100.4,106.7,53.3,8.3,6.3,21.6,6.1,,
221,16,4,Amarilis,1,AMA,E3,113,429.2,243.2,987.1,42.1,12,101,99.6,95.2,42.1,8.5,7.2,15.3,5,,
222,16,4,Amarilis,2,AMA,E3,113,709,479.4,1539.2,75.7,16,100.5,99.9,101.8,75.7,7.9,9.3,14.4,10.5,,
223,16,4,Amarilis,3,AMA,E3,113,306.9,211,830.2,37.5,15,100.3,100.8,99.2,37.5,8.8,7.8,15.7,4.2,,
224,16,4,Amarilis,4,AMA,E3,113,481.6,476.6,1689.7,50.6,8,100.1,101,107.9,50.6,10.5,7.6,13.3,6.2,,
225,17,4,Bretaña,1,BRE,E3,136,411.2,483.5,564.3,78.3,13,102.1,102.4,100.4,78.3,8.8,7.5,20.7,8.8,,
226,17,4,Bretaña,2,BRE,E3,136,860.2,882.6,994.6,92.6,14,100.9,101.7,101.8,92.6,8.5,8.2,22.3,13,,
227,17,4,Bretaña,3,BRE,E3,136,378,641.4,507.6,67.7,6,100.6,100.7,107.8,67.7,9,6.5,26.8,7.5,,
228,17,4,Bretaña,4,BRE,E3,136,473.8,485.5,521,95.6,6,100.7,101.1,107.5,95.6,9.6,7.7,25.8,12.2,,
229,18,4,Huevo de Indio,1,HUE,E3,136,376,279.3,740.2,86.2,18,102.1,101.5,102.1,86.2,12.1,8,25.1,11.3,,
230,18,4,Huevo de Indio,2,HUE,E3,136,678.1,617.8,1551.9,141.4,25,101.4,101.1,103.2,104,11.8,9.5,25.8,14.4,,
231,18,4,Huevo de Indio,3,HUE,E3,136,395.4,253.9,663.4,50.6,12,101.7,102,105.4,50.6,12.2,9.9,28.8,7.3,,
232,18,4,Huevo de Indio,4,HUE,E3,136,355.3,245.1,620.5,82.1,13,100.5,100.6,106.7,82.1,11.1,9.6,25.5,11.9,,
233,19,4,Poderosa,1,POD,E3,136,441.7,547.7,1031.4,93,29,103.4,101.5,98.6,93,11.9,9.9,22.9,15.2,,
234,19,4,Poderosa,2,POD,E3,136,624.9,717.4,1584.4,139,28,100.5,99.9,109.1,101.5,13,10.8,24.8,16.9,,
235,19,4,Poderosa,3,POD,E3,136,492.9,619.4,1117.2,126.4,27,101.7,101.6,101.3,100.1,11.8,9.7,24.6,18,,
236,19,4,Poderosa,4,POD,E3,136,788.2,1040.5,986.4,90.3,13,102.1,101.4,103.8,90.3,10,10.6,22.8,13.3,,
237,20,4,Yungay,1,YUN,E3,136,476.9,443.4,1534.2,136.7,20,100.3,102.7,97.9,102.1,10.9,9.9,17.3,13.5,,
238,20,4,Yungay,2,YUN,E3,136,584,467.7,973.9,159.2,20,100.5,101.3,103.5,100.3,10.5,8.6,15.9,13.4,,
239,20,4,Yungay,3,YUN,E3,136,787.4,623.7,2569.2,152,28,100.4,101.4,105.4,101.4,11.4,11,18.4,16.2,,
240,20,4,Yungay,4,YUN,E3,136,830.9,675.6,2153,184.9,15,100.7,101.3,105.9,100.3,11.9,12,20.2,16.7,,
241,1,1,Yungay,1,YUN,E4,154,494.4,663.4,2628.5,88,31,100.3,100.5,107.7,88,13.2,7.4,16.2,15.3,,
242,1,1,Yungay,2,YUN,E4,154,143.7,182.7,1404.2,27,13,101,101.1,101.6,27,12.9,8.9,15.5,5.4,,
243,1,1,Yungay,3,YUN,E4,154,508.9,590.9,2609.9,55.5,23,101.6,101,104,55.5,13.3,9,19.3,14.3,,
244,1,1,Yungay,4,YUN,E4,154,NA,NA,NA,NA,NA,NA,NA,NA,NA,NA,NA,NA,NA,,
245,2,1,Huevo de Indio,1,HUE,E4,154,211.6,313.9,1324.5,52.4,21,102.4,102.2,111,52.4,13.8,8.1,28.1,11,,
246,2,1,Huevo de Indio,2,HUE,E4,154,46.4,55.8,392.5,15.5,19,46.4,55.8,107.3,15.5,10.7,5.7,21.2,4.2,,
247,2,1,Huevo de Indio,3,HUE,E4,154,120,259.5,996.1,59.3,18,101.4,100.5,104.2,59.3,21.9,9.8,25.3,10.9,,
248,2,1,Huevo de Indio,4,HUE,E4,154,138.3,204.1,1003,28.9,14,100.7,103.2,115.9,28.9,13.8,9.2,31.7,6.1,,
249,3,1,Poderosa,1,POD,E4,154,339.2,657.1,2562.3,65.3,16,103.9,102.4,111.2,65.3,17.3,14.6,27.1,14.1,,
250,3,1,Poderosa,2,POD,E4,154,332.1,771.8,2388.9,70.7,18,101.3,102.5,110,70.7,19.1,13.5,25.6,11.4,,
251,3,1,Poderosa,3,POD,E4,154,90.3,546.2,813.6,47.5,10,90.3,100.5,102.1,47.5,24.4,9.6,22.5,7.3,,
252,3,1,Poderosa,4,POD,E4,154,193.4,650.8,1410.6,88.4,17,100.7,103,103.1,88.4,23.3,9.9,23.4,14.1,,
253,4,1,Bretaña,1,BRE,E4,154,305.6,533.9,1407.2,87.9,27,104.5,101.6,101.6,87.9,13,9.5,25.2,11.5,,
254,4,1,Bretaña,2,BRE,E4,154,277.8,373.2,1134.2,51.3,11,102.9,101.6,106.8,51.3,13,8.2,21.9,8.5,,
255,4,1,Bretaña,3,BRE,E4,154,NA,NA,NA,NA,NA,NA,NA,NA,NA,NA,NA,NA,NA,,
256,4,1,Bretaña,4,BRE,E4,154,157.2,537.7,696.4,44.9,12,100.9,104.2,102.2,44.9,13.2,7.3,21.4,6.5,,
257,5,1,Amarilis,1,AMA,E4,136,670.7,500,2994.2,66.2,19,100.7,101.2,105.3,66.2,10.9,8.6,20.6,8.7,,
258,5,1,Amarilis,2,AMA,E4,136,260.9,192.8,1640.8,57.5,16,100.5,100.4,103.5,57.5,9.5,6.7,15.3,5.4,,
259,5,1,Amarilis,3,AMA,E4,136,288.4,195.5,2141.9,67.7,21,100.4,99.9,106.3,67.7,9.6,7.5,11.5,7.2,,
260,5,1,Amarilis,4,AMA,E4,136,240,198.6,1452.1,31.1,7,100.4,100.4,106.7,31.1,11.4,8.5,16.5,4,,
261,6,2,Yungay,1,YUN,E4,154,247.4,332.2,1167.2,40.4,13,102.9,104.4,115.4,40.4,14.1,8.1,16.4,7.7,,
262,6,2,Yungay,2,YUN,E4,154,562.7,882.1,4331.7,138.9,33,102.3,104.9,116.6,106.6,20.5,8.8,20.5,17.1,,
263,6,2,Yungay,3,YUN,E4,154,73.5,343.2,1572.2,34.8,20,73.5,101.7,102.8,34.8,27.9,11.9,10.9,7.3,,
264,6,2,Yungay,4,YUN,E4,154,338.7,918.1,4426.3,117.8,33,102.7,100.5,100.2,102.8,17.4,9,17.9,19,,
265,7,2,Amarilis,1,AMA,E4,136,503,290.4,1785.2,56.6,11,100.2,100.6,100.2,56.6,8.4,6.4,17.9,5.3,,
266,7,2,Amarilis,2,AMA,E4,136,149.9,155.9,1806.1,31.6,8,100.3,100.5,106.9,31.6,9.9,6.4,17.7,2.9,,
267,7,2,Amarilis,3,AMA,E4,136,348.7,261.9,2627.9,54,12,100.1,102.1,109.7,54,14.4,9.1,16,5.8,,
268,7,2,Amarilis,4,AMA,E4,136,246.4,175,1429.6,42.3,15,101.5,102.8,108.5,42.3,9.3,7.3,21.4,4.5,,
269,8,2,Huevo de Indio,1,HUE,E4,154,222.2,375.8,1061,64.6,17,100.4,100.6,103.2,64.6,14.9,8.2,25.2,8.4,,
270,8,2,Huevo de Indio,2,HUE,E4,154,183.9,270.9,784.5,56.6,21,101.3,102.6,102.7,56.6,13.5,7.9,23.4,7.5,,
271,8,2,Huevo de Indio,3,HUE,E4,154,361.3,356.7,1398.7,59.8,14,102.7,101.3,102.3,59.8,12.9,8.9,26.8,9.2,,
272,8,2,Huevo de Indio,4,HUE,E4,154,436.7,566,1501.1,127.5,24,101.5,100.2,106.8,103,12.6,8.3,26.4,15.5,,
273,9,2,Bretaña,1,BRE,E4,154,381.9,679.9,1538.9,147.8,25,100.9,102.2,105.9,100.5,11.8,7.3,27.4,15.3,,
274,9,2,Bretaña,2,BRE,E4,154,574.1,849.4,895.9,91,15,102.2,101.8,109.8,91,11.3,7.3,26,12.4,,
275,9,2,Bretaña,3,BRE,E4,154,504.3,521.9,1332.2,66.4,13,102.3,101.4,105.7,66.4,10.5,9,22,11.3,,
276,9,2,Bretaña,4,BRE,E4,154,483,797.5,938,70.3,11,102.2,102.8,100.7,70.3,14.4,8.6,25.7,10.4,,
277,10,2,Poderosa,1,POD,E4,154,644,1712.3,1456.1,95.4,13,100.7,102,100.7,95.4,13.3,11.1,18.3,16.3,,
278,10,2,Poderosa,2,POD,E4,154,226.3,1025.8,1361.9,98.3,13,100.4,104.5,103.8,98.3,15,8.8,22.4,12.1,,
279,10,2,Poderosa,3,POD,E4,154,353,1409.2,2692.2,102.1,26,100.7,101.5,105.1,100.9,14.2,8.4,19.6,13.8,,
280,10,2,Poderosa,4,POD,E4,154,407.8,1323.6,2573.8,96.6,19,102.2,103.7,100,96.6,17.1,10,18.6,15.2,,
281,11,3,Amarilis,1,AMA,E4,136,564.8,336,2359.6,70.2,18,100.2,100.7,108.4,70.2,9.1,7.8,22,9.8,,
282,11,3,Amarilis,2,AMA,E4,136,733.9,501.3,3000.7,94.3,24,100.6,100.5,100.3,94.3,9.9,8.3,21,12.8,,
283,11,3,Amarilis,3,AMA,E4,136,830.4,462.9,3258.8,108.6,26,100.4,101.7,105,100.5,9.3,8.8,17.8,13.1,,
284,11,3,Amarilis,4,AMA,E4,136,396,260.2,2095.6,63.1,16,100,100.7,99.9,63.1,10.4,8.2,22.1,8.5,,
285,12,3,Yungay,1,YUN,E4,154,220.4,268.1,1237.9,72.3,18,100.2,101.6,100.3,72.3,12.3,9.8,17.3,12.3,,
286,12,3,Yungay,2,YUN,E4,154,123.4,102.5,520.2,15.9,14,100.3,100.6,105.2,15.9,12.6,9.5,21.4,3.8,,
287,12,3,Yungay,3,YUN,E4,154,139.9,93.8,883,40.9,20,101.2,93.8,101.3,40.9,12.4,9.4,15.6,7,,
288,12,3,Yungay,4,YUN,E4,154,192.9,219,1259,37.5,26,100.7,101,101,37.5,14.4,10.6,20.7,7.8,,
289,13,3,Bretaña,1,BRE,E4,154,NA,NA,NA,NA,NA,NA,NA,NA,NA,NA,NA,NA,NA,,
290,13,3,Bretaña,2,BRE,E4,154,446.4,433.6,914.7,140.4,16,101.6,101.4,102.3,103.2,11.5,7.8,22.4,16.3,,
291,13,3,Bretaña,3,BRE,E4,154,494.8,410.7,1163.1,38.7,17,100.2,102.9,101.5,38.7,10.5,8.7,25.5,8,,
292,13,3,Bretaña,4,BRE,E4,154,183,177.5,1088,22.6,23,100.1,102.1,103.1,22.6,15.5,13.1,24.4,5.7,,
293,14,3,Poderosa,1,POD,E4,154,204.6,592.8,2097.1,57.7,16,101.9,102.8,101.7,57.7,30,11.7,18.7,8.5,,
294,14,3,Poderosa,2,POD,E4,154,292.8,706.6,1823.7,87.9,18,100.8,101.2,105.1,87.9,16,10.8,20.1,13.1,,
295,14,3,Poderosa,3,POD,E4,154,209,794.4,1304.2,62.2,19,101.2,101.7,102.6,62.2,18.9,8.6,21.6,9,,
296,14,3,Poderosa,4,POD,E4,154,178.2,905.8,3185.1,75.6,30,100.7,100.1,100.8,75.6,38,12.5,20,10.4,,
297,15,3,Huevo de Indio,1,HUE,E4,154,106.5,293.3,1433.5,41.9,19,100.1,101.2,103.8,41.9,33.2,8.7,22.8,4.5,,
298,15,3,Huevo de Indio,2,HUE,E4,154,359.5,785.3,2326.4,66.6,15,100.2,101.5,102.4,66.6,16.8,7,23,8.4,,
299,15,3,Huevo de Indio,3,HUE,E4,154,199.5,317.8,878.6,65.3,10,100.5,102.9,100.2,65.3,15,7.1,22.5,8.7,,
300,15,3,Huevo de Indio,4,HUE,E4,154,303.4,439,2013.9,69.5,17,100.3,101.1,102.6,69.5,18.2,7.2,22.5,8.5,,
301,16,4,Amarilis,1,AMA,E4,136,1032.7,607.8,3986.3,70.2,22,100.3,101.2,103.8,70.2,8.8,9.5,17,10.9,,
302,16,4,Amarilis,2,AMA,E4,136,705.8,400,3358.6,64.3,19,100.5,102,103.3,64.3,9.3,9.2,18.2,10,,
303,16,4,Amarilis,3,AMA,E4,136,674.5,385,2587.8,37.6,13,100.5,100.9,103.4,37.6,9.8,9.2,21.3,6.8,,
304,16,4,Amarilis,4,AMA,E4,136,916.2,612.5,3255.4,79.4,19,102,101.8,109.5,79.4,10.3,10.6,16.3,16.5,,
305,17,4,Bretaña,1,BRE,E4,154,553.7,1118.6,1904.5,84.5,20,102.4,101.2,103.2,84.5,12.1,7.6,25.3,12.6,,
306,17,4,Bretaña,2,BRE,E4,154,384.5,872.4,750.2,84.5,12,101.9,101.7,108.1,84.5,12.4,6.3,23.1,10.9,,
307,17,4,Bretaña,3,BRE,E4,154,318.7,956.5,1355.8,93.1,15,100.6,101.5,112.7,93.1,14.5,7.1,22,11.3,,
308,17,4,Bretaña,4,BRE,E4,154,197.8,714.3,885,118.7,11,103.8,102,104.6,100.4,23.6,8.5,21,10.1,,
309,18,4,Huevo de Indio,1,HUE,E4,154,66.6,120.5,345.2,34.6,9,66.6,101.9,102.1,34.6,11.1,7.5,25.2,4.3,,
310,18,4,Huevo de Indio,2,HUE,E4,154,85.9,135.3,446.3,25.7,6,85.9,101,100,25.7,12.6,7.4,25.9,3.6,,
311,18,4,Huevo de Indio,3,HUE,E4,154,154.7,160.3,1223.7,81.2,20,100.5,101.1,106.1,81.2,17.6,8.4,24.6,11.1,,
312,18,4,Huevo de Indio,4,HUE,E4,154,344.6,366.6,1256,57.6,16,100.3,100.9,107.2,57.6,14.9,8.3,26.8,7.7,,
313,19,4,Poderosa,1,POD,E4,154,310.5,853.4,2395.1,125.3,24,100.7,100.8,100.2,100.6,20.4,12.3,24,13.3,,
314,19,4,Poderosa,2,POD,E4,154,186.8,632.5,1639.7,82.3,16,101.6,101,104.7,82.3,21.4,10.9,23.2,11.3,,
315,19,4,Poderosa,3,POD,E4,154,293.7,815.7,2700.2,114.2,26,102.6,101.4,101.9,101.7,21.7,13.4,19.3,14.8,,
316,19,4,Poderosa,4,POD,E4,154,441.9,973.5,3104.4,194,38,100.9,102.5,102.6,102.2,20,13.6,24.4,15.6,,
317,20,4,Yungay,1,YUN,E4,154,283.6,604.2,1648.4,102.4,10,102.3,101.8,104.5,102.4,18,10.1,16.3,15,,
318,20,4,Yungay,2,YUN,E4,154,168.6,527.9,1555,108.2,25,101.2,100.6,102.1,101.3,21.1,10.4,16.3,17.5,,
319,20,4,Yungay,3,YUN,E4,154,152.3,326.4,1657.2,72.4,29,100.5,100.4,100.4,72.4,21.4,8.9,15.7,8.8,,
320,20,4,Yungay,4,YUN,E4,154,348.5,547.3,2828.4,99.7,30,100.5,101.8,101.9,99.7,23.3,9.7,18,12.8,,
321,1,1,Yungay,1,YUN,E5,178,NA,NA,NA,NA,NA,NA,NA,NA,NA,NA,NA,NA,NA,,
322,1,1,Yungay,2,YUN,E5,178,28.5,91.6,2207.8,22.9,19,28.5,91.6,97.7,22.9,10.7,13,17.9,3.8,,
323,1,1,Yungay,3,YUN,E5,178,77.6,118.4,4056.6,33.6,46,77.6,100.5,100.6,33.6,43.5,42.7,18.4,6.8,,
324,1,1,Yungay,4,YUN,E5,178,53.1,150.5,3249.2,6.1,45,53.1,101.4,106.5,6.1,21.1,24.2,18.6,1.8,,
325,2,1,Huevo de Indio,1,HUE,E5,178,40.1,65.7,1255.8,35.7,17,40.1,65.7,96.5,35.7,22.9,21.3,23.6,10.2,,
326,2,1,Huevo de Indio,2,HUE,E5,178,10.1,17.5,1021.8,6.5,18,10.1,17.5,98.8,6.5,7.7,10.1,23.1,2.3,,
327,2,1,Huevo de Indio,3,HUE,E5,178,25.3,38.7,1243.1,15.3,15,25.3,38.7,111.2,15.3,12.9,13.2,26.6,5.3,,
328,2,1,Huevo de Indio,4,HUE,E5,178,60,102,1384.8,35.6,20,60,102,113,35.6,28.7,22,28.9,11,,
329,3,1,Poderosa,1,POD,E5,178,33,84.9,1938.6,18.6,24,33,84.9,113.9,18.6,26,54.3,25.8,6.6,,
330,3,1,Poderosa,2,POD,E5,178,37.8,97.2,1255.2,16,24,37.8,97.2,115,16,28,54.6,26.2,5.6,,
331,3,1,Poderosa,3,POD,E5,178,64.5,116.4,2445.4,15.4,27,64.5,101.2,103.5,15.4,49.9,74,24,6.3,,
332,3,1,Poderosa,4,POD,E5,178,65.4,153.9,1621,21.1,15,65.4,100.6,100.2,21.1,40.2,59.9,24.2,9.7,,
333,4,1,Bretaña,1,BRE,E5,178,26.1,66.7,503.4,38.2,8,26.1,66.7,94.9,38.2,8.6,6,17,7.9,,
334,4,1,Bretaña,2,BRE,E5,178,210.4,396.7,1332.4,55.3,7,100.1,101.8,121.3,55.3,18.2,8.5,33.4,11,,
335,4,1,Bretaña,3,BRE,E5,178,171.8,402.5,1600.2,47.5,22,95.6,100.7,112.4,47.5,27.7,11,26.4,8.8,,
336,4,1,Bretaña,4,BRE,E5,178,136.2,384.7,1538.5,49.4,15,93.9,100.7,96.5,49.4,35.5,9.3,22.3,11.7,,
337,5,1,Amarilis,1,AMA,E5,154,363.9,370.8,3282.7,44.7,8,103,100,105.4,44.7,16.5,9.2,21.8,6.4,,
338,5,1,Amarilis,2,AMA,E5,154,66.1,155.2,1855.3,16.8,8,66.1,101.4,105.9,16.8,21.4,10.2,19.3,3,,
339,5,1,Amarilis,3,AMA,E5,154,37.6,99.2,1878.6,20.3,15,37.6,99.2,106,20.3,17.2,15.7,12.4,3,,
340,5,1,Amarilis,4,AMA,E5,154,222.6,392.3,3147.1,39.5,16,103.6,107.6,111.5,39.5,25.8,8.8,18.4,6.4,,
341,6,2,Yungay,1,YUN,E5,178,52.4,38.9,2395.6,15.3,38,52.4,38.9,113.8,15.3,34.9,24.7,15.5,5.7,,
342,6,2,Yungay,2,YUN,E5,178,44.7,132.4,2574.1,35.6,25,44.7,100.2,113.3,35.6,26.3,31.1,17.6,11.6,,
343,6,2,Yungay,3,YUN,E5,178,106.8,424.5,3353.4,34.4,22,100.5,103.1,103.5,34.4,54.3,22.9,19.4,13.7,,
344,6,2,Yungay,4,YUN,E5,178,28.5,207.6,1745.2,33.7,13,28.5,101.6,116.5,33.7,12.8,12.3,21.8,10.3,,
345,7,2,Amarilis,1,AMA,E5,154,47.8,196.1,2562.1,34.1,15,47.8,106.7,103,34.1,34.1,14.5,21.2,5.8,,
346,7,2,Amarilis,2,AMA,E5,154,176.2,200.7,2035.7,35.5,13,102.9,100.4,105.5,35.5,18.1,9.8,23.1,6.4,,
347,7,2,Amarilis,3,AMA,E5,154,82.7,151.8,1527,25.1,16,82.7,105.1,106,25.1,19.5,9.5,17.3,4,,
348,7,2,Amarilis,4,AMA,E5,154,118.9,113.4,1642.3,29.1,14,101.1,100.8,103,29.1,20.6,9.6,20.2,4.5,,
349,8,2,Huevo de Indio,1,HUE,E5,178,133.1,182.6,1792.4,46.5,19,102,101.4,110.4,46.5,22.5,12,25.1,9.5,,
350,8,2,Huevo de Indio,2,HUE,E5,178,52.6,92.9,1012.8,24.5,15,52.6,92.9,104.4,24.5,31.5,23,26.3,9.6,,
351,8,2,Huevo de Indio,3,HUE,E5,178,48.6,36,1313.7,7.7,14,48.6,36,107.5,7.7,28.1,16.5,29.2,3.8,,
352,8,2,Huevo de Indio,4,HUE,E5,178,16.3,16.1,353.1,6.3,9,16.3,16.1,127.4,6.3,10.2,8.8,28.5,3.4,,
353,9,2,Bretaña,1,BRE,E5,178,331.3,622.9,1781.7,160.3,20,101.5,101.5,109.7,103.5,19.9,10.1,27.9,17.9,,
354,9,2,Bretaña,2,BRE,E5,178,156.6,365.1,1607.8,119.2,20,100.9,103,94.3,104.7,37.1,16.9,22.4,20.3,,
355,9,2,Bretaña,3,BRE,E5,178,270.9,300.6,1534.4,73.2,20,90.1,100.8,114.3,73.2,28.1,14.5,31.4,14.9,,
356,9,2,Bretaña,4,BRE,E5,178,244.5,245.2,1181.3,101,17,99.2,99.9,103.5,101,25.8,11.4,27.2,17.8,,
357,10,2,Poderosa,1,POD,E5,178,25.7,87.4,1854.2,29.2,25,25.7,87.4,105.5,29.2,17.7,51.3,22.3,9.1,,
358,10,2,Poderosa,2,POD,E5,178,NA,NA,NA,NA,NA,NA,NA,NA,NA,NA,NA,NA,NA,,
359,10,2,Poderosa,3,POD,E5,178,115.7,358.4,2220.4,61.1,16,95.9,100.7,112.8,61.1,47.4,33.9,24.2,12.9,,
360,10,2,Poderosa,4,POD,E5,178,118.8,435.8,2741.8,52.7,26,91,100.4,114.2,52.7,31.1,21.7,24.4,13.4,,
361,11,3,Amarilis,1,AMA,E5,154,119.5,154.5,1463.9,30.5,14,100.7,103.8,106.1,30.5,20.7,9.4,17,4.8,,
362,11,3,Amarilis,2,AMA,E5,154,57.3,154.9,1496.5,26.9,18,57.3,100.5,102,26.9,10.9,8.2,22.7,4.5,,
363,11,3,Amarilis,3,AMA,E5,154,184,122.8,1603.6,31,16,101.5,100.6,102.5,31,13.7,9.1,15.7,4.2,,
364,11,3,Amarilis,4,AMA,E5,154,182.5,233.2,2779.6,55,21,100.4,102,101.2,55,17.3,9.3,23.4,7.8,,
365,12,3,Yungay,1,YUN,E5,178,22.3,43.7,762.7,59.6,16,22.3,43.7,116.6,59.6,11.4,7.9,22.5,9.5,,
366,12,3,Yungay,2,YUN,E5,178,46,74.5,1107.1,84.5,18,46,74.5,114.8,84.2,20.3,10.7,24.3,21.3,,
367,12,3,Yungay,3,YUN,E5,178,30.8,106.2,1640.3,102.4,35,30.8,100.3,127.9,102.4,13.1,19.9,24.8,29.8,,
368,12,3,Yungay,4,YUN,E5,178,80.4,151.9,1732.2,141.8,27,80.4,101.6,108.1,104.8,24,12.9,19.8,19.7,,
369,13,3,Bretaña,1,BRE,E5,178,368.7,447.1,2620.3,171.2,25,91.7,101,103.5,106.3,34.4,12.9,25.8,20.6,,
370,13,3,Bretaña,2,BRE,E5,178,232.3,299.1,1223.9,85.2,15,96.9,101.2,100.8,66.9,19.5,12.7,27,13.5,,
371,13,3,Bretaña,3,BRE,E5,178,86.7,212.3,867,62.2,11,86.7,100.6,93.1,62.2,22.9,13.9,25.9,11.1,,
372,13,3,Bretaña,4,BRE,E5,178,317.6,443.7,1804.2,127,13,100.7,104.1,100.4,104.1,19.8,10.8,27.3,21.3,,
373,14,3,Poderosa,1,POD,E5,178,38,83.4,2034.6,28,26,38,83.4,109.9,28,26.3,47.5,25.9,8.9,,
374,14,3,Poderosa,2,POD,E5,178,75,150.4,1962.4,21.8,25,75,104,112,21.8,48.7,52.9,27.3,8,,
375,14,3,Poderosa,3,POD,E5,178,NA,NA,NA,NA,NA,NA,NA,NA,NA,NA,NA,NA,NA,,
376,14,3,Poderosa,4,POD,E5,178,41.4,60.5,1609.7,16.4,11,41.4,60.5,NA,16.4,25.1,37.9,NA,6.6,,
377,15,3,Huevo de Indio,1,HUE,E5,178,33,36.2,1747.2,10.8,14,33,36.2,123.2,10.9,19.8,19.2,25.2,3.9,,
378,15,3,Huevo de Indio,2,HUE,E5,178,69.6,196.8,2060.3,28.2,14,69.6,104.2,92.4,28.2,34.3,17.6,15.6,6.1,,
379,15,3,Huevo de Indio,3,HUE,E5,178,170.7,237.5,2636.2,62.6,18,101.8,100,99,62.6,29.2,16.6,19.7,15.4,,
380,15,3,Huevo de Indio,4,HUE,E5,178,152.4,268.4,1951,51.1,19,100.6,100.7,NA,51.1,34.9,13.4,NA,10.5,,
381,16,4,Amarilis,1,AMA,E5,154,NA,NA,NA,NA,NA,NA,NA,NA,NA,NA,NA,NA,NA,,
382,16,4,Amarilis,2,AMA,E5,154,130.1,205.8,3162.5,38.9,21,102.9,102.1,101.2,38.9,32.4,9.1,12.8,6.3,,
383,16,4,Amarilis,3,AMA,E5,154,215.4,236.1,2449.6,29.2,10,100.5,102.3,110.8,29.2,17.5,8.8,13.3,5,,
384,16,4,Amarilis,4,AMA,E5,154,266,255.5,2554,30.4,18,100.5,102,100.2,30.4,15.9,7.2,14.9,5.8,,
385,17,4,Bretaña,1,BRE,E5,178,126.6,514.9,2227.8,40.6,17,102.8,102.9,124.4,40.6,29.5,15.1,24.4,7.8,,
386,17,4,Bretaña,2,BRE,E5,178,292.1,576,1442.2,82.5,14,97.4,100.7,116.3,82.5,15,8.8,20.9,15.6,,
387,17,4,Bretaña,3,BRE,E5,178,78.3,260.8,1797.9,84.2,20,78.3,103.6,110,84.2,25.9,16.8,19.6,19.2,,
388,17,4,Bretaña,4,BRE,E5,178,151.5,524.7,104.6,87.8,18,80,101.2,88.6,87.9,24.2,13.3,20.3,15,,
389,18,4,Huevo de Indio,1,HUE,E5,178,45.4,112.1,1431.8,47.7,19,45.4,100.9,111,47.7,19.6,13.9,24.5,13.8,,
390,18,4,Huevo de Indio,2,HUE,E5,178,26.7,17.3,457.5,20.6,7,26.7,17.3,118.3,20.6,10.4,5.9,27.6,6.7,,
391,18,4,Huevo de Indio,3,HUE,E5,178,91.4,212.4,1728.1,14.2,22,84.4,102.7,102,14.2,41.4,10.9,27.3,11.9,,
392,18,4,Huevo de Indio,4,HUE,E5,178,14.2,16.8,501,23.5,13,14.2,16.8,108.4,23.5,8.1,7.1,27.9,7.3,,
393,19,4,Poderosa,1,POD,E5,178,40.3,76.2,2104.2,25,26,40.3,76.2,117.2,24.9,30.5,51,28.9,8,,
394,19,4,Poderosa,2,POD,E5,178,33.7,106.6,1475.7,50.4,13,33.1,106.5,115.5,50.4,20.8,60.5,28.9,16.2,,
395,19,4,Poderosa,3,POD,E5,178,58,78,1932.4,60.7,23,58,78,110.8,60.6,40.5,49.3,25.1,19.9,,
396,19,4,Poderosa,4,POD,E5,178,37.7,97.2,1183,64.8,14,37.7,97.2,124.1,64.8,28,62.2,30.2,23.6,,
397,20,4,Yungay,1,YUN,E5,178,26.2,74.9,1762.8,42.3,28,26.2,74.9,115.4,42.3,17.6,28.9,22.9,13.1,,
398,20,4,Yungay,2,YUN,E5,178,34.3,61,2844.9,35.6,25,34.3,61,98.9,35.6,21.1,30.8,19.1,10.9,,
399,20,4,Yungay,3,YUN,E5,178,39.3,73,2026.9,28.5,17,39.3,73,100.4,28.5,25.7,33.1,16,7.5,,
400,20,4,Yungay,4,YUN,E5,178,34.1,215.2,3686,110.6,32,34.1,101.2,101.4,100.9,20.3,25.6,20.8,14.8,,
